{
  "threshold": 0.8374999999999999,
  "thresholds_per_class": {
    "earthquake": 0.8499999999999999,
    "flood": 0.7999999999999998,
    "hurricane": 0.8499999999999999,
    "wildfire": 0.8499999999999999
  },
  "model_file": "xgboost_model_20251018_093203.joblib",
  "vectorizer_file": "xgboost_vectorizer_20251018_093203.joblib",
  "label_encoder_file": "label_encoder_20251018_093203.joblib",
  "created_at": "20251018_093203",
  "model_type": "XGBClassifier",
  "classes": [
    "earthquake",
    "flood",
    "hurricane",
    "wildfire"
  ],
  "max_features": 5000,
  "random_state": 42,
  "model_params": {
    "objective": "multi:softprob",
    "base_score": null,
    "booster": null,
    "callbacks": null,
    "colsample_bylevel": null,
    "colsample_bynode": null,
    "colsample_bytree": 0.8,
    "device": null,
    "early_stopping_rounds": null,
    "enable_categorical": false,
    "eval_metric": "mlogloss",
    "feature_types": null,
    "feature_weights": null,
    "gamma": 0.1,
    "grow_policy": null,
    "importance_type": null,
    "interaction_constraints": null,
    "learning_rate": 0.05,
    "max_bin": null,
    "max_cat_threshold": null,
    "max_cat_to_onehot": null,
    "max_delta_step": null,
    "max_depth": 8,
    "max_leaves": null,
    "min_child_weight": 5,
    "missing": NaN,
    "monotone_constraints": null,
    "multi_strategy": null,
    "n_estimators": 300,
    "n_jobs": null,
    "num_parallel_tree": null,
    "random_state": 42,
    "reg_alpha": 0.1,
    "reg_lambda": 1.0,
    "sampling_method": null,
    "scale_pos_weight": 1,
    "subsample": 0.8,
    "tree_method": "hist",
    "validate_parameters": null,
    "verbosity": null
  }
}